US,Canada,Mexico,Russia,United Kingdom,Italy,Germany,France,Belarus,Brazil,Peru,Ecuador,Chile,India,Turkey,Saudi Arabia,Pakistan,Iran,Singapore,Qatar,Bangladesh,United Arab Emirates,China,Japan,"Korea, South"
0.0,2.0,0.0,0.0,0.0,0.0,0.0,0.0,0.0,0.0,0.0,0.0,0.0,0.0,0.0,0.0,0.0,0.0,1.0,0.0,0.0,0.0,95.0,0.0,0.0
1.0,1.0,0.0,0.0,0.0,0.0,0.0,2.0,0.0,0.0,0.0,0.0,0.0,0.0,0.0,0.0,0.0,0.0,2.0,0.0,0.0,0.0,277.0,0.0,1.0
0.0,0.0,0.0,0.0,0.0,0.0,0.0,1.0,0.0,0.0,0.0,0.0,0.0,0.0,0.0,0.0,0.0,0.0,0.0,0.0,0.0,0.0,486.0,0.0,0.0
3.0,0.0,0.0,0.0,0.0,0.0,0.0,0.0,0.0,0.0,0.0,0.0,0.0,0.0,0.0,0.0,0.0,0.0,1.0,0.0,0.0,0.0,669.0,2.0,1.0
0.0,0.0,0.0,0.0,0.0,0.0,1.0,0.0,0.0,0.0,0.0,0.0,0.0,0.0,0.0,0.0,0.0,0.0,1.0,0.0,0.0,0.0,802.0,0.0,1.0
0.0,1.0,0.0,0.0,0.0,0.0,3.0,1.0,0.0,0.0,0.0,0.0,0.0,0.0,0.0,0.0,0.0,0.0,2.0,0.0,0.0,0.0,2632.0,3.0,0.0
1.0,0.0,0.0,0.0,0.0,0.0,0.0,1.0,0.0,0.0,0.0,0.0,0.0,0.0,0.0,0.0,0.0,0.0,0.0,0.0,0.0,4.0,578.0,0.0,0.0
0.0,0.0,0.0,0.0,0.0,0.0,0.0,0.0,0.0,0.0,0.0,0.0,0.0,1.0,0.0,0.0,0.0,0.0,3.0,0.0,0.0,0.0,2054.0,4.0,0.0
2.0,0.0,0.0,2.0,2.0,2.0,1.0,0.0,0.0,0.0,0.0,0.0,0.0,0.0,0.0,0.0,0.0,0.0,3.0,0.0,0.0,0.0,1661.0,4.0,7.0
0.0,0.0,0.0,0.0,0.0,0.0,3.0,1.0,0.0,0.0,0.0,0.0,0.0,0.0,0.0,0.0,0.0,0.0,3.0,0.0,0.0,0.0,2089.0,5.0,1.0
0.0,0.0,0.0,0.0,0.0,0.0,2.0,0.0,0.0,0.0,0.0,0.0,0.0,1.0,0.0,0.0,0.0,0.0,2.0,0.0,0.0,1.0,4739.0,0.0,3.0
3.0,0.0,0.0,0.0,6.0,0.0,2.0,0.0,0.0,0.0,0.0,0.0,0.0,1.0,0.0,0.0,0.0,0.0,0.0,0.0,0.0,0.0,3086.0,0.0,0.0
0.0,1.0,0.0,0.0,0.0,0.0,0.0,0.0,0.0,0.0,0.0,0.0,0.0,0.0,0.0,0.0,0.0,0.0,6.0,0.0,0.0,0.0,3991.0,2.0,1.0
0.0,1.0,0.0,0.0,1.0,0.0,0.0,0.0,0.0,0.0,0.0,0.0,0.0,0.0,0.0,0.0,0.0,0.0,4.0,0.0,0.0,0.0,3733.0,1.0,3.0
1.0,0.0,0.0,0.0,0.0,0.0,0.0,0.0,0.0,0.0,0.0,0.0,0.0,0.0,0.0,0.0,0.0,0.0,0.0,0.0,0.0,0.0,3147.0,0.0,4.0
0.0,2.0,0.0,0.0,0.0,1.0,1.0,0.0,0.0,0.0,0.0,0.0,0.0,0.0,0.0,0.0,0.0,0.0,2.0,0.0,0.0,0.0,3523.0,0.0,1.0
0.0,0.0,0.0,0.0,4.0,0.0,0.0,5.0,0.0,0.0,0.0,0.0,0.0,0.0,0.0,0.0,0.0,0.0,3.0,0.0,0.0,2.0,2704.0,1.0,0.0
0.0,0.0,0.0,0.0,1.0,0.0,1.0,0.0,0.0,0.0,0.0,0.0,0.0,0.0,0.0,0.0,0.0,0.0,7.0,0.0,0.0,0.0,3015.0,0.0,1.0
0.0,1.0,0.0,0.0,0.0,0.0,0.0,0.0,0.0,0.0,0.0,0.0,0.0,0.0,0.0,0.0,0.0,0.0,5.0,0.0,0.0,1.0,2525.0,2.0,2.0
1.0,0.0,0.0,0.0,1.0,0.0,2.0,0.0,0.0,0.0,0.0,0.0,0.0,0.0,0.0,0.0,0.0,0.0,2.0,0.0,0.0,0.0,2032.0,1.0,1.0
0.0,0.0,0.0,0.0,1.0,0.0,0.0,0.0,0.0,0.0,0.0,0.0,0.0,0.0,0.0,0.0,0.0,0.0,3.0,0.0,0.0,0.0,373.0,1.0,0.0
1.0,0.0,0.0,0.0,1.0,0.0,0.0,0.0,0.0,0.0,0.0,0.0,0.0,0.0,0.0,0.0,0.0,0.0,8.0,0.0,0.0,0.0,15136.0,5.0,0.0
0.0,0.0,0.0,0.0,1.0,0.0,0.0,0.0,0.0,0.0,0.0,0.0,0.0,0.0,0.0,0.0,0.0,0.0,9.0,0.0,0.0,0.0,6463.0,10.0,0.0
0.0,0.0,0.0,0.0,0.0,0.0,0.0,1.0,0.0,0.0,0.0,0.0,0.0,0.0,0.0,0.0,0.0,0.0,5.0,0.0,0.0,0.0,2055.0,11.0,0.0
0.0,0.0,0.0,0.0,0.0,0.0,0.0,0.0,0.0,0.0,0.0,0.0,0.0,0.0,0.0,0.0,0.0,0.0,3.0,0.0,0.0,1.0,2100.0,6.0,1.0
0.0,1.0,0.0,0.0,1.0,0.0,0.0,0.0,0.0,0.0,0.0,0.0,0.0,0.0,0.0,0.0,0.0,0.0,2.0,0.0,0.0,0.0,1921.0,7.0,1.0
0.0,0.0,0.0,0.0,0.0,0.0,0.0,0.0,0.0,0.0,0.0,0.0,0.0,0.0,0.0,0.0,0.0,0.0,4.0,0.0,0.0,0.0,1777.0,12.0,1.0
0.0,0.0,0.0,0.0,1.0,0.0,0.0,0.0,0.0,0.0,0.0,0.0,0.0,0.0,0.0,0.0,0.0,2.0,3.0,0.0,0.0,0.0,408.0,6.0,0.0
0.0,1.0,0.0,0.0,2.0,0.0,0.0,0.0,0.0,0.0,0.0,0.0,0.0,0.0,0.0,0.0,0.0,3.0,0.0,0.0,0.0,0.0,458.0,10.0,73.0
2.0,2.0,0.0,0.0,1.0,17.0,0.0,0.0,0.0,0.0,0.0,0.0,0.0,0.0,0.0,0.0,0.0,13.0,1.0,0.0,0.0,0.0,473.0,17.0,100.0
0.0,1.0,0.0,0.0,0.0,42.0,0.0,0.0,0.0,0.0,0.0,0.0,0.0,0.0,0.0,0.0,0.0,10.0,0.0,0.0,0.0,4.0,1451.0,25.0,229.0
0.0,1.0,0.0,0.0,5.0,93.0,0.0,0.0,0.0,0.0,0.0,0.0,2.0,0.0,0.0,0.0,0.0,15.0,4.0,0.0,0.0,0.0,21.0,12.0,169.0
0.0,1.0,0.0,0.0,2.0,74.0,0.0,0.0,0.0,0.0,0.0,0.0,0.0,0.0,0.0,0.0,0.0,18.0,0.0,0.0,0.0,0.0,219.0,11.0,231.0
0.0,3.0,0.0,0.0,4.0,93.0,0.0,2.0,0.0,0.0,0.0,0.0,0.0,0.0,0.0,0.0,2.0,34.0,2.0,0.0,0.0,0.0,513.0,13.0,144.0
0.0,1.0,0.0,0.0,3.0,131.0,5.0,4.0,0.0,1.0,0.0,0.0,0.0,0.0,0.0,0.0,0.0,44.0,2.0,0.0,0.0,0.0,412.0,19.0,284.0
1.0,2.0,0.0,0.0,7.0,202.0,5.0,20.0,0.0,0.0,0.0,0.0,0.0,0.0,0.0,0.0,0.0,106.0,0.0,0.0,0.0,0.0,434.0,26.0,505.0
0.0,6.0,1.0,0.0,12.0,233.0,27.0,19.0,1.0,0.0,0.0,0.0,0.0,0.0,0.0,0.0,2.0,143.0,0.0,0.0,0.0,6.0,328.0,18.0,571.0
8.0,5.0,3.0,0.0,5.0,240.0,13.0,43.0,0.0,1.0,0.0,0.0,0.0,0.0,0.0,0.0,0.0,205.0,9.0,1.0,0.0,2.0,428.0,9.0,813.0
7.0,5.0,1.0,0.0,33.0,566.0,51.0,30.0,0.0,0.0,0.0,6.0,7.0,0.0,0.0,0.0,0.0,385.0,4.0,2.0,0.0,0.0,576.0,14.0,586.0
23.0,7.0,0.0,1.0,40.0,342.0,33.0,61.0,0.0,0.0,0.0,0.0,0.0,2.0,0.0,1.0,1.0,523.0,2.0,0.0,0.0,0.0,204.0,19.0,599.0
19.0,6.0,0.0,0.0,55.0,466.0,38.0,21.0,0.0,0.0,0.0,1.0,1.0,0.0,0.0,0.0,0.0,835.0,2.0,4.0,0.0,6.0,125.0,20.0,851.0
33.0,8.0,0.0,0.0,57.0,587.0,74.0,76.0,5.0,2.0,0.0,3.0,0.0,23.0,0.0,0.0,0.0,586.0,0.0,1.0,0.0,0.0,125.0,35.0,435.0
77.0,12.0,0.0,1.0,49.0,769.0,138.0,138.0,0.0,0.0,0.0,3.0,3.0,2.0,0.0,4.0,1.0,591.0,7.0,0.0,0.0,2.0,151.0,32.0,467.0
53.0,19.0,1.0,9.0,79.0,778.0,239.0,190.0,0.0,9.0,1.0,0.0,0.0,1.0,0.0,0.0,0.0,1234.0,13.0,0.0,0.0,0.0,153.0,55.0,505.0
166.0,8.0,0.0,0.0,55.0,1247.0,156.0,332.0,0.0,0.0,0.0,0.0,0.0,3.0,0.0,0.0,0.0,1076.0,8.0,0.0,0.0,16.0,80.0,46.0,448.0
116.0,22.0,1.0,4.0,54.0,1492.0,107.0,177.0,0.0,7.0,5.0,1.0,7.0,5.0,0.0,6.0,0.0,743.0,12.0,7.0,3.0,0.0,53.0,33.0,273.0
75.0,24.0,0.0,0.0,147.0,1797.0,237.0,286.0,0.0,5.0,1.0,1.0,0.0,4.0,0.0,4.0,10.0,595.0,0.0,3.0,0.0,0.0,37.0,28.0,164.0
188.0,21.0,0.0,3.0,258.0,977.0,157.0,372.0,3.0,6.0,4.0,0.0,5.0,13.0,0.0,5.0,3.0,881.0,10.0,6.0,0.0,29.0,27.0,58.0,35.0
365.0,63.0,1.0,0.0,411.0,2313.0,271.0,510.0,0.0,7.0,0.0,2.0,10.0,6.0,1.0,1.0,1.0,958.0,18.0,238.0,0.0,0.0,34.0,55.0,242.0
439.0,61.0,4.0,8.0,489.0,2651.0,802.0,0.0,3.0,14.0,4.0,0.0,0.0,11.0,0.0,24.0,8.0,1075.0,0.0,0.0,0.0,11.0,11.0,56.0,114.0
633.0,97.0,14.0,17.0,480.0,2547.0,693.0,1388.0,15.0,99.0,13.0,0.0,20.0,9.0,4.0,41.0,3.0,1289.0,22.0,58.0,0.0,0.0,13.0,37.0,110.0
759.0,67.0,15.0,14.0,364.0,3497.0,733.0,815.0,0.0,0.0,10.0,11.0,33.0,20.0,0.0,17.0,22.0,1365.0,12.0,17.0,0.0,0.0,32.0,62.0,107.0
234.0,96.0,12.0,4.0,442.0,3590.0,1043.0,36.0,0.0,11.0,5.0,0.0,13.0,11.0,1.0,0.0,83.0,1209.0,14.0,64.0,2.0,13.0,26.0,31.0,76.0
1467.0,151.0,29.0,27.0,612.0,3233.0,1174.0,2151.0,9.0,38.0,43.0,9.0,81.0,6.0,12.0,15.0,100.0,1053.0,17.0,38.0,3.0,0.0,30.0,17.0,74.0
1833.0,154.0,11.0,24.0,770.0,3526.0,1144.0,1032.0,0.0,121.0,31.0,21.0,46.0,23.0,29.0,53.0,63.0,1178.0,23.0,0.0,2.0,0.0,25.0,50.0,84.0
2657.0,243.0,25.0,33.0,1006.0,4207.0,1042.0,1409.0,15.0,51.0,28.0,53.0,37.0,14.0,51.0,0.0,155.0,1192.0,47.0,13.0,4.0,15.0,44.0,35.0,93.0
4494.0,252.0,46.0,52.0,1061.0,5322.0,2801.0,1846.0,0.0,249.0,89.0,88.0,0.0,38.0,94.0,103.0,47.0,1046.0,32.0,8.0,3.0,27.0,54.0,40.0,152.0
6367.0,343.0,39.0,54.0,1255.0,5986.0,2958.0,1788.0,18.0,172.0,0.0,168.0,196.0,50.0,167.0,70.0,229.0,1237.0,40.0,10.0,3.0,0.0,94.0,54.0,87.0
5995.0,503.0,48.0,53.0,1197.0,6557.0,2705.0,1705.0,7.0,228.0,84.0,139.0,131.0,86.0,311.0,48.0,46.0,966.0,47.0,11.0,5.0,13.0,55.0,37.0,147.0
8919.0,457.0,65.0,61.0,1423.0,5560.0,1948.0,2298.0,0.0,525.0,45.0,283.0,95.0,66.0,566.0,119.0,99.0,1028.0,23.0,13.0,2.0,0.0,130.0,45.0,162.0
11152.0,646.0,51.0,71.0,2349.0,4789.0,4062.0,3359.0,5.0,378.0,32.0,192.0,114.0,103.0,293.0,51.0,97.0,1411.0,54.0,7.0,6.0,45.0,58.0,40.0,0.0
10618.0,699.0,38.0,57.0,2392.0,5249.0,4764.0,2252.0,0.0,323.0,21.0,101.0,176.0,37.0,343.0,205.0,91.0,1762.0,49.0,25.0,6.0,50.0,94.0,73.0,76.0
12127.0,573.0,70.0,163.0,2708.0,5210.0,4118.0,2959.0,5.0,307.0,64.0,91.0,220.0,121.0,561.0,133.0,138.0,2206.0,73.0,11.0,0.0,85.0,71.0,97.0,100.0
17821.0,941.0,110.0,182.0,3111.0,6203.0,4954.0,3921.0,0.0,431.0,100.0,230.0,164.0,70.0,1196.0,112.0,172.0,2389.0,52.0,12.0,5.0,0.0,123.0,102.0,104.0
18591.0,869.0,132.0,196.0,3245.0,5909.0,5780.0,3793.0,8.0,432.0,55.0,192.0,304.0,160.0,2069.0,92.0,122.0,2926.0,49.0,13.0,4.0,72.0,91.0,114.0,91.0
22164.0,930.0,131.0,228.0,2852.0,5974.0,6294.0,4648.0,0.0,487.0,36.0,228.0,350.0,100.0,1704.0,99.0,102.0,3076.0,70.0,28.0,0.0,63.0,92.0,198.0,146.0
16127.0,936.0,145.0,270.0,2894.0,5217.0,3965.0,2603.0,0.0,352.0,181.0,101.0,230.0,37.0,1815.0,96.0,120.0,2901.0,42.0,44.0,0.0,102.0,94.0,179.0,105.0
22154.0,1232.0,101.0,302.0,4302.0,4050.0,4751.0,4349.0,58.0,323.0,98.0,38.0,310.0,227.0,1610.0,154.0,221.0,3186.0,35.0,59.0,1.0,41.0,81.0,94.0,78.0
26381.0,1233.0,121.0,501.0,4537.0,4053.0,4615.0,7636.0,0.0,1138.0,115.0,278.0,289.0,146.0,2704.0,110.0,180.0,3110.0,47.0,88.0,2.0,53.0,1647.0,254.0,125.0
35824.0,1312.0,163.0,440.0,4967.0,4782.0,5453.0,4844.0,11.0,1119.0,258.0,508.0,293.0,601.0,2148.0,157.0,303.0,2988.0,74.0,54.0,3.0,150.0,216.0,280.0,101.0
32280.0,1719.0,132.0,771.0,4939.0,4668.0,6156.0,2102.0,141.0,1208.0,91.0,415.0,373.0,545.0,2456.0,165.0,265.0,2875.0,49.0,114.0,2.0,210.0,127.0,283.0,89.0
32447.0,1332.0,178.0,601.0,4951.0,4585.0,6174.0,5225.0,47.0,1012.0,181.0,205.0,333.0,24.0,2786.0,154.0,132.0,2715.0,65.0,126.0,5.0,240.0,136.0,336.0,86.0
31710.0,1336.0,202.0,582.0,4094.0,4805.0,6082.0,-17076.0,89.0,1304.0,151.0,97.0,512.0,515.0,3013.0,140.0,339.0,2560.0,75.0,250.0,9.0,241.0,98.0,371.0,94.0
28777.0,1189.0,253.0,658.0,3620.0,4316.0,5936.0,849.0,122.0,770.0,535.0,181.0,310.0,506.0,3135.0,223.0,609.0,2483.0,120.0,279.0,18.0,294.0,104.0,351.0,81.0
31993.0,1501.0,296.0,954.0,5356.0,3599.0,3677.0,2659.0,138.0,1031.0,280.0,101.0,344.0,1190.0,3148.0,203.0,269.0,2274.0,66.0,228.0,35.0,277.0,144.0,234.0,47.0
30146.0,1388.0,346.0,1154.0,5484.0,3039.0,3834.0,-3489.0,161.0,1873.0,393.0,0.0,301.0,533.0,3892.0,190.0,228.0,2089.0,106.0,225.0,41.0,283.0,81.0,375.0,47.0
31244.0,1236.0,396.0,1175.0,5170.0,3836.0,4003.0,3855.0,205.0,2136.0,1388.0,703.0,430.0,605.0,4117.0,137.0,226.0,1997.0,142.0,153.0,54.0,300.0,217.0,535.0,53.0
36026.0,1380.0,260.0,1459.0,4912.0,4204.0,4974.0,3784.0,420.0,1922.0,914.0,515.0,426.0,809.0,4056.0,355.0,206.0,1634.0,287.0,166.0,112.0,331.0,115.0,594.0,39.0
34181.0,1144.0,403.0,1786.0,4339.0,3951.0,5323.0,1566.0,495.0,1546.0,641.0,2196.0,529.0,873.0,4747.0,364.0,316.0,1972.0,198.0,136.0,94.0,370.0,91.0,636.0,27.0
28986.0,1376.0,375.0,1667.0,3628.0,4694.0,4133.0,1445.0,245.0,1089.0,951.0,96.0,671.0,848.0,5138.0,382.0,219.0,1837.0,191.0,216.0,58.0,376.0,93.0,701.0,30.0
25858.0,1342.0,442.0,2186.0,3536.0,4092.0,2821.0,50747.0,352.0,1465.0,671.0,209.0,286.0,759.0,4789.0,429.0,266.0,1657.0,233.0,251.0,139.0,387.0,169.0,522.0,32.0
27243.0,1797.0,353.0,2558.0,4209.0,3153.0,2537.0,3141.0,341.0,1238.0,2265.0,63.0,312.0,1248.0,4093.0,472.0,341.0,1617.0,386.0,252.0,182.0,398.0,112.0,300.0,25.0
28512.0,1689.0,385.0,2774.0,4359.0,2972.0,2082.0,17448.0,362.0,1832.0,519.0,74.0,392.0,1034.0,4062.0,435.0,546.0,1574.0,334.0,197.0,209.0,412.0,80.0,504.0,27.0
26363.0,1747.0,448.0,3388.0,5102.0,2667.0,2486.0,3207.0,447.0,3058.0,1172.0,255.0,356.0,835.0,4281.0,493.0,536.0,1512.0,447.0,283.0,219.0,432.0,99.0,558.0,27.0
29682.0,1766.0,450.0,3448.0,5338.0,3786.0,2866.0,12578.0,476.0,2105.0,1016.0,367.0,534.0,1108.0,4801.0,518.0,106.0,1606.0,728.0,392.0,341.0,460.0,106.0,563.0,22.0
33157.0,2126.0,578.0,4070.0,4985.0,3493.0,3380.0,1891.0,575.0,3257.0,998.0,225.0,445.0,922.0,4353.0,762.0,613.0,1499.0,623.0,560.0,266.0,477.0,413.0,560.0,22.0
27349.0,1526.0,622.0,4785.0,4731.0,3491.0,3609.0,3804.0,518.0,2976.0,931.0,572.0,907.0,1370.0,3783.0,1132.0,710.0,1374.0,942.0,345.0,306.0,0.0,71.0,590.0,18.0
25031.0,1700.0,764.0,6060.0,3867.0,3047.0,2458.0,1094.0,510.0,1996.0,1208.0,446.0,358.0,1893.0,3977.0,1088.0,70.0,1343.0,596.0,440.0,312.0,479.0,63.0,366.0,8.0
30643.0,1712.0,511.0,4268.0,4877.0,2256.0,1775.0,2447.0,457.0,2089.0,697.0,660.0,419.0,924.0,4674.0,1122.0,1147.0,1294.0,1426.0,567.0,492.0,484.0,61.0,344.0,13.0
25947.0,1590.0,729.0,5642.0,4771.0,2729.0,1785.0,2666.0,459.0,2336.0,1512.0,270.0,325.0,1541.0,4611.0,1147.0,511.0,1297.0,1111.0,518.0,434.0,490.0,70.0,383.0,9.0
29967.0,1846.0,1043.0,5236.0,5506.0,3370.0,2237.0,1799.0,558.0,2678.0,1413.0,452.0,464.0,1290.0,3083.0,1141.0,1079.0,1194.0,1016.0,608.0,390.0,483.0,56.0,396.0,11.0
32078.0,1809.0,1089.0,4774.0,5153.0,2646.0,2352.0,-1709.0,741.0,4279.0,1664.0,333.0,516.0,1707.0,3116.0,1158.0,785.0,1030.0,1037.0,623.0,414.0,518.0,40.0,432.0,14.0
31491.0,1640.0,1239.0,5849.0,4980.0,3021.0,2337.0,2811.0,751.0,4007.0,734.0,11536.0,494.0,1453.0,3122.0,1172.0,783.0,1168.0,897.0,761.0,503.0,525.0,46.0,385.0,10.0
30626.0,1582.0,970.0,5966.0,3783.0,2357.0,2055.0,1678.0,817.0,5281.0,3683.0,0.0,1363.0,1753.0,2861.0,1197.0,605.0,1134.0,618.0,833.0,309.0,532.0,38.0,332.0,10.0
25897.0,1211.0,835.0,6361.0,3475.0,2324.0,1737.0,633.0,873.0,3776.0,2186.0,0.0,473.0,1607.0,2357.0,1223.0,587.0,1153.0,931.0,929.0,418.0,536.0,29.0,219.0,10.0
24693.0,1656.0,852.0,6198.0,4707.0,1739.0,1018.0,3686.0,826.0,4346.0,1182.0,521.0,482.0,1561.0,2131.0,1289.0,697.0,991.0,799.0,957.0,497.0,490.0,31.0,171.0,14.0
24604.0,1523.0,1223.0,6411.0,4724.0,2091.0,1144.0,3132.0,919.0,5789.0,2491.0,1018.0,552.0,1873.0,2392.0,1266.0,913.0,1112.0,528.0,677.0,549.0,541.0,62.0,284.0,9.0
26809.0,1689.0,1047.0,5841.0,5445.0,2086.0,1304.0,-1455.0,973.0,6450.0,2741.0,417.0,520.0,1738.0,2936.0,1325.0,1292.0,1073.0,690.0,643.0,641.0,549.0,29.0,216.0,4.0
29507.0,1639.0,1425.0,7099.0,4969.0,1872.0,1478.0,1218.0,846.0,7502.0,3045.0,259.0,1138.0,1801.0,2615.0,1351.0,1297.0,983.0,528.0,845.0,564.0,552.0,45.0,208.0,9.0
34822.0,1811.0,1515.0,7933.0,4735.0,1965.0,1639.0,526.0,890.0,5015.0,3483.0,1402.0,985.0,2394.0,2188.0,1344.0,989.0,1006.0,932.0,687.0,571.0,557.0,22.0,274.0,6.0
26647.0,1356.0,1349.0,9623.0,3226.0,1900.0,945.0,792.0,911.0,4898.0,2075.0,1128.0,2526.0,2442.0,1983.0,1362.0,981.0,802.0,447.0,776.0,552.0,561.0,8.0,303.0,13.0
23570.0,1259.0,1383.0,10633.0,2976.0,1389.0,793.0,361.0,877.0,4726.0,3394.0,2074.0,1228.0,2806.0,1670.0,1552.0,857.0,976.0,657.0,679.0,665.0,564.0,-16.0,200.0,8.0
24051.0,1376.0,1434.0,10581.0,3384.0,1221.0,679.0,562.0,784.0,6794.0,1444.0,2343.0,980.0,3932.0,1614.0,1645.0,1108.0,1223.0,573.0,640.0,688.0,567.0,-4.0,168.0,3.0
24081.0,1395.0,1120.0,10102.0,3689.0,1075.0,685.0,1117.0,861.0,6835.0,3817.0,0.0,1373.0,2963.0,1832.0,1595.0,2024.0,1323.0,632.0,951.0,786.0,462.0,17.0,125.0,2.0
24373.0,1516.0,1609.0,10559.0,3837.0,1444.0,947.0,4136.0,905.0,11156.0,3628.0,0.0,1032.0,3587.0,2253.0,1687.0,571.0,1680.0,788.0,830.0,790.0,546.0,22.0,101.0,4.0
28210.0,1271.0,1982.0,11231.0,3771.0,1401.0,1284.0,741.0,913.0,9162.0,3709.0,-1583.0,1533.0,3364.0,1977.0,1793.0,1791.0,1485.0,741.0,918.0,706.0,502.0,11.0,98.0,12.0
27207.0,1200.0,1906.0,10699.0,3052.0,1327.0,1209.0,531.0,933.0,11121.0,3321.0,-1480.0,1391.0,3344.0,1848.0,1701.0,2301.0,1556.0,768.0,1311.0,709.0,553.0,17.0,87.0,18.0
24247.0,1146.0,1938.0,10817.0,2150.0,1083.0,1251.0,528.0,951.0,9167.0,3168.0,253.0,3458.0,3113.0,1546.0,1704.0,1598.0,1529.0,753.0,1130.0,636.0,624.0,29.0,115.0,34.0
18703.0,1038.0,1562.0,11012.0,2322.0,802.0,667.0,249.0,921.0,6638.0,2292.0,488.0,1647.0,4353.0,1542.0,1912.0,1747.0,1383.0,876.0,1189.0,887.0,781.0,39.0,69.0,35.0
19222.0,1024.0,1305.0,11656.0,3588.0,744.0,357.0,315.0,933.0,6895.0,1515.0,-50.0,1197.0,3607.0,1114.0,1966.0,2255.0,1683.0,486.0,1103.0,1034.0,680.0,7.0,37.0,27.0
23378.0,1117.0,1997.0,10899.0,3397.0,1402.0,933.0,753.0,967.0,8620.0,3237.0,910.0,1658.0,3524.0,1704.0,1911.0,962.0,1481.0,849.0,1526.0,969.0,783.0,22.0,87.0,26.0
20001.0,1227.0,1862.0,10028.0,3299.0,888.0,798.0,521.0,952.0,11923.0,4247.0,67.0,2660.0,3763.0,1639.0,1905.0,490.0,1958.0,675.0,1390.0,1162.0,725.0,14.0,50.0,29.0
25877.0,1110.0,2409.0,9974.0,2618.0,992.0,933.0,642.0,947.0,13028.0,4298.0,16.0,2659.0,3942.0,1635.0,2039.0,3011.0,1808.0,752.0,1733.0,1041.0,698.0,16.0,98.0,27.0
24399.0,1271.0,2437.0,10598.0,2521.0,789.0,913.0,513.0,958.0,17126.0,3891.0,965.0,2502.0,3787.0,1708.0,2307.0,0.0,2102.0,793.0,1153.0,1202.0,747.0,20.0,52.0,19.0
23868.0,1155.0,2112.0,9200.0,2067.0,875.0,620.0,415.0,951.0,13220.0,4046.0,1296.0,5485.0,4864.0,1610.0,2840.0,1352.0,1757.0,465.0,1547.0,930.0,796.0,18.0,54.0,13.0
18643.0,1208.0,2075.0,9709.0,1826.0,675.0,583.0,140.0,969.0,7569.0,3732.0,419.0,2353.0,5050.0,1368.0,2736.0,1974.0,1806.0,682.0,1632.0,1273.0,731.0,22.0,24.0,15.0
22384.0,1086.0,2414.0,8926.0,2576.0,451.0,342.0,444.0,922.0,14288.0,2660.0,400.0,2278.0,4630.0,1158.0,2593.0,1841.0,2294.0,305.0,1365.0,1602.0,832.0,27.0,33.0,13.0
20758.0,1002.0,2713.0,9263.0,3063.0,813.0,513.0,501.0,936.0,16517.0,4550.0,569.0,3520.0,6147.0,1022.0,2509.0,1932.0,2111.0,451.0,1637.0,1251.0,873.0,16.0,28.0,32.0
22839.0,1256.0,2248.0,8764.0,2710.0,665.0,797.0,481.0,918.0,22739.0,4537.0,703.0,4038.0,5553.0,972.0,2691.0,2193.0,2346.0,570.0,1491.0,1617.0,941.0,16.0,34.0,12.0
25112.0,1115.0,2973.0,8849.0,2554.0,642.0,745.0,267.0,945.0,18137.0,4749.0,452.0,3964.0,6198.0,961.0,2532.0,2603.0,2392.0,448.0,1554.0,1773.0,894.0,39.0,41.0,20.0
23922.0,1090.0,2960.0,8894.0,2044.0,652.0,460.0,756.0,932.0,21807.0,2929.0,522.0,4276.0,6568.0,952.0,2642.0,1743.0,2311.0,614.0,1830.0,1694.0,994.0,45.0,23.0,23.0
19928.0,907.0,3329.0,9434.0,1508.0,669.0,638.0,546.0,941.0,16997.0,4056.0,430.0,9842.0,6629.0,1186.0,2442.0,2164.0,1869.0,642.0,1732.0,1873.0,812.0,31.0,25.0,25.0
20121.0,953.0,2764.0,8599.0,1355.0,531.0,431.0,-439.0,954.0,14468.0,4205.0,498.0,3709.0,7113.0,1141.0,2399.0,1748.0,2180.0,548.0,1501.0,1532.0,781.0,47.0,41.0,16.0
19186.0,964.0,2485.0,8946.0,1612.0,300.0,289.0,325.0,946.0,12807.0,4020.0,599.0,4895.0,6414.0,987.0,2235.0,1356.0,2023.0,344.0,1751.0,1975.0,822.0,47.0,21.0,19.0
18696.0,767.0,3455.0,8915.0,1659.0,397.0,432.0,255.0,915.0,16327.0,5772.0,0.0,3964.0,5843.0,948.0,1931.0,1446.0,1787.0,383.0,1742.0,1166.0,779.0,30.0,30.0,40.0
18805.0,885.0,3463.0,8338.0,1809.0,584.0,362.0,173.0,897.0,20199.0,6154.0,748.0,4328.0,7293.0,1035.0,1815.0,2076.0,2080.0,533.0,1740.0,1541.0,883.0,31.0,26.0,79.0
21129.0,787.0,3377.0,8371.0,1736.0,593.0,353.0,3343.0,902.0,28337.0,5874.0,368.0,4654.0,7300.0,1182.0,1644.0,2801.0,2258.0,373.0,1967.0,2029.0,563.0,23.0,60.0,58.0
24737.0,1069.0,3227.0,8572.0,1509.0,516.0,741.0,594.0,906.0,26890.0,6506.0,100.0,3695.0,8105.0,1141.0,1581.0,2429.0,2819.0,611.0,1993.0,2523.0,638.0,22.0,73.0,39.0
22717.0,762.0,2885.0,8952.0,1107.0,416.0,738.0,1794.0,894.0,32321.0,7386.0,0.0,13188.0,8336.0,983.0,1618.0,3039.0,2282.0,506.0,2355.0,1764.0,726.0,9.0,45.0,27.0
18764.0,730.0,3152.0,9268.0,1070.0,333.0,286.0,232.0,898.0,13223.0,8805.0,527.0,4830.0,8782.0,839.0,1877.0,2964.0,2516.0,518.0,1648.0,2545.0,661.0,21.0,35.0,35.0
17837.0,796.0,2771.0,8485.0,1444.0,200.0,333.0,407.0,847.0,15149.0,5563.0,0.0,5470.0,7761.0,827.0,1881.0,3938.0,2979.0,408.0,1523.0,2381.0,635.0,24.0,37.0,38.0
19956.0,627.0,3891.0,8858.0,1470.0,318.0,213.0,-647.0,852.0,31677.0,8126.0,1316.0,3528.0,8821.0,786.0,1869.0,4065.0,3117.0,544.0,1826.0,2911.0,596.0,15.0,51.0,49.0
19048.0,682.0,3912.0,8529.0,1348.0,321.0,342.0,-3226.0,861.0,26085.0,749.0,552.0,4942.0,9633.0,867.0,2171.0,4801.0,3134.0,569.0,1901.0,2695.0,571.0,3.0,29.0,39.0
27711.0,582.0,4442.0,8823.0,1238.0,177.0,394.0,4360.0,865.0,31954.0,4284.0,0.0,4664.0,9889.0,988.0,1975.0,3985.0,3574.0,517.0,1581.0,2423.0,659.0,15.0,44.0,39.0
26181.0,527.0,4346.0,8718.0,1111.0,518.0,507.0,581.0,887.0,32101.0,4202.0,609.0,4207.0,9471.0,930.0,2591.0,4734.0,2886.0,261.0,1754.0,2828.0,624.0,8.0,47.0,51.0
20153.0,524.0,3593.0,8846.0,792.0,270.0,407.0,572.0,883.0,23790.0,4358.0,1153.0,13990.0,10438.0,878.0,3121.0,4960.0,2269.0,344.0,1700.0,2635.0,626.0,11.0,46.0,57.0
17809.0,412.0,3484.0,8971.0,718.0,197.0,301.0,341.0,879.0,17988.0,4757.0,392.0,6405.0,10864.0,914.0,3045.0,4728.0,2364.0,383.0,1595.0,2743.0,540.0,9.0,38.0,38.0
16912.0,451.0,2999.0,8970.0,1095.0,280.0,214.0,274.0,823.0,17338.0,3181.0,258.0,4696.0,8442.0,989.0,3369.0,4646.0,2043.0,386.0,1368.0,2735.0,568.0,6.0,21.0,38.0
20324.0,434.0,4199.0,8587.0,1158.0,283.0,350.0,553.0,812.0,31698.0,4040.0,539.0,3913.0,10218.0,993.0,3288.0,5385.0,2095.0,218.0,1721.0,3171.0,528.0,23.0,45.0,50.0
21746.0,490.0,4883.0,8393.0,1188.0,202.0,318.0,625.0,801.0,33790.0,5087.0,523.0,5697.0,10459.0,922.0,3717.0,5834.0,2011.0,451.0,1716.0,3190.0,603.0,16.0,36.0,45.0
22303.0,412.0,4790.0,8777.0,1007.0,379.0,555.0,364.0,750.0,28692.0,5965.0,0.0,5636.0,10930.0,987.0,3733.0,6397.0,2218.0,422.0,1476.0,3187.0,479.0,10.0,44.0,56.0
25555.0,461.0,5222.0,8961.0,1054.0,163.0,258.0,801.0,704.0,24282.0,0.0,1338.0,6754.0,11458.0,1195.0,3921.0,0.0,2369.0,463.0,1517.0,3471.0,513.0,12.0,61.0,48.0
24136.0,341.0,3494.0,8697.0,888.0,346.0,348.0,497.0,721.0,21230.0,5961.0,578.0,8182.0,11929.0,1459.0,3366.0,6472.0,2430.0,347.0,1828.0,2856.0,491.0,65.0,45.0,34.0
18953.0,302.0,4147.0,8809.0,807.0,338.0,247.0,390.0,732.0,16794.0,8987.0,395.0,6938.0,11502.0,1562.0,4233.0,12073.0,2472.0,407.0,1186.0,3141.0,304.0,56.0,75.0,36.0
21095.0,377.0,3427.0,8217.0,1028.0,301.0,192.0,136.0,707.0,24617.0,3256.0,571.0,5143.0,10667.0,1592.0,4507.0,4443.0,2449.0,214.0,1274.0,3099.0,342.0,61.0,72.0,34.0
24628.0,359.0,4599.0,8241.0,1083.0,210.0,378.0,663.0,689.0,36983.0,4164.0,621.0,5013.0,10974.0,1467.0,4267.0,5839.0,2563.0,151.0,1201.0,3862.0,346.0,50.0,42.0,43.0
27079.0,388.0,4930.0,7824.0,1000.0,328.0,345.0,489.0,663.0,30925.0,3752.0,547.0,1900.0,12881.0,1429.0,4919.0,5358.0,2612.0,247.0,1097.0,4008.0,382.0,41.0,46.0,59.0
28238.0,406.0,5662.0,7772.0,1020.0,331.0,580.0,586.0,625.0,25520.0,3480.0,607.0,4475.0,13586.0,1304.0,4757.0,4944.0,2596.0,257.0,1267.0,3803.0,388.0,44.0,69.0,49.0
30996.0,388.0,5030.0,7971.0,986.0,-148.0,770.0,787.0,676.0,56059.0,3537.0,634.0,6290.0,14516.0,1214.0,4301.0,6604.0,2615.0,142.0,1021.0,3243.0,393.0,6.0,61.0,67.0
31866.0,315.0,4717.0,7870.0,666.0,264.0,601.0,619.0,603.0,63523.0,3413.0,0.0,5355.0,15403.0,1248.0,3941.0,4951.0,2322.0,218.0,1026.0,3240.0,388.0,63.0,64.0,48.0
25859.0,308.0,5343.0,7717.0,624.0,224.0,687.0,343.0,569.0,-19796.0,3598.0,909.0,5607.0,14831.0,1192.0,3379.0,4471.0,2368.0,262.0,881.0,3531.0,392.0,23.0,55.0,17.0
29989.0,355.0,4577.0,7586.0,892.0,221.0,537.0,142.0,518.0,28192.0,2511.0,0.0,4608.0,14933.0,1212.0,3393.0,3946.0,2573.0,218.0,1034.0,3480.0,378.0,58.0,43.0,46.0
38829.0,318.0,6288.0,7413.0,882.0,113.0,503.0,698.0,464.0,39527.0,3363.0,1003.0,3804.0,15968.0,1268.0,3139.0,3892.0,2445.0,119.0,1176.0,3412.0,380.0,35.0,57.0,51.0
36279.0,320.0,5437.0,7165.0,776.0,577.0,587.0,268.0,458.0,41033.0,3879.0,0.0,3649.0,16922.0,1492.0,3123.0,4044.0,2531.0,191.0,1199.0,3462.0,450.0,22.0,96.0,28.0
39357.0,294.0,6104.0,7105.0,697.0,296.0,630.0,255.0,437.0,41464.0,3913.0,1513.0,4648.0,17296.0,1458.0,3372.0,2775.0,2595.0,113.0,1060.0,3946.0,430.0,29.0,82.0,39.0
49086.0,327.0,5441.0,6788.0,641.0,255.0,477.0,1263.0,331.0,44884.0,3762.0,700.0,4296.0,18552.0,1396.0,3938.0,3138.0,2628.0,219.0,946.0,3868.0,410.0,28.0,105.0,51.0
40833.0,402.0,4410.0,6843.0,634.0,175.0,687.0,448.0,382.0,36920.0,3625.0,718.0,4406.0,19906.0,1372.0,3927.0,4072.0,2456.0,291.0,879.0,3504.0,387.0,29.0,92.0,62.0
42918.0,313.0,4050.0,6784.0,407.0,174.0,256.0,-407.0,380.0,32883.0,3430.0,681.0,4216.0,19459.0,1356.0,3989.0,3557.0,2489.0,213.0,750.0,3809.0,437.0,19.0,113.0,42.0
41518.0,296.0,3805.0,6683.0,620.0,126.0,262.0,645.0,315.0,21550.0,2946.0,410.0,4017.0,18522.0,1374.0,3943.0,2825.0,2536.0,202.0,693.0,4014.0,449.0,28.0,110.0,43.0
50056.0,334.0,5432.0,6683.0,404.0,142.0,498.0,442.0,328.0,39680.0,2848.0,767.0,3394.0,18641.0,1293.0,4387.0,4133.0,2457.0,246.0,982.0,3682.0,421.0,6.0,138.0,50.0
49330.0,222.0,5681.0,6550.0,63.0,182.0,466.0,990.0,306.0,46825.0,3264.0,1825.0,2650.0,19160.0,1192.0,3402.0,4339.0,2549.0,215.0,915.0,3775.0,402.0,33.0,127.0,54.0
55084.0,349.0,6741.0,6752.0,6.0,201.0,503.0,539.0,274.0,44401.0,3527.0,1211.0,2498.0,20903.0,1186.0,3383.0,4087.0,2652.0,188.0,894.0,4019.0,400.0,16.0,194.0,63.0
51658.0,318.0,6740.0,6710.0,502.0,223.0,446.0,539.0,299.0,43040.0,3595.0,1189.0,3548.0,22771.0,1172.0,4193.0,0.0,2566.0,169.0,756.0,3114.0,672.0,12.0,250.0,63.0
46024.0,228.0,6914.0,6623.0,625.0,235.0,422.0,358.0,273.0,33567.0,3481.0,878.0,3758.0,24850.0,1154.0,4128.0,3387.0,2449.0,185.0,530.0,3288.0,716.0,23.0,274.0,61.0
53950.0,157.0,4683.0,6719.0,519.0,192.0,239.0,12.0,284.0,25193.0,3638.0,423.0,3685.0,24248.0,1148.0,3580.0,6535.0,2560.0,136.0,616.0,2738.0,683.0,20.0,208.0,46.0
43632.0,352.0,4902.0,6569.0,353.0,208.0,219.0,1018.0,250.0,24454.0,2985.0,422.0,3025.0,22251.0,1086.0,4207.0,2691.0,2613.0,183.0,546.0,3201.0,528.0,29.0,176.0,44.0
57413.0,313.0,6258.0,6363.0,584.0,137.0,390.0,454.0,199.0,46699.0,3575.0,865.0,2462.0,22753.0,1053.0,3392.0,2980.0,2637.0,157.0,600.0,3027.0,532.0,41.0,208.0,63.0
60504.0,321.0,6995.0,6534.0,642.0,193.0,397.0,822.0,221.0,45250.0,3633.0,0.0,2064.0,24879.0,1041.0,3036.0,3359.0,2691.0,158.0,608.0,3489.0,445.0,39.0,207.0,49.0
59832.0,334.0,7280.0,6491.0,643.0,214.0,442.0,444.0,187.0,42962.0,3537.0,976.0,3133.0,26506.0,1024.0,3183.0,2751.0,2079.0,125.0,557.0,3360.0,532.0,47.0,355.0,45.0
68522.0,348.0,6891.0,6623.0,524.0,276.0,395.0,715.0,193.0,44311.0,3198.0,797.0,3058.0,27114.0,1003.0,3159.0,2752.0,2262.0,191.0,520.0,2949.0,473.0,41.0,430.0,35.0
60441.0,240.0,6094.0,6586.0,826.0,188.0,378.0,251.0,163.0,34947.0,3064.0,2191.0,2755.0,28606.0,1016.0,2994.0,2521.0,2397.0,169.0,498.0,2686.0,403.0,45.0,386.0,44.0
60220.0,214.0,4482.0,6587.0,650.0,234.0,248.0,16.0,165.0,23658.0,3616.0,661.0,3012.0,28732.0,1012.0,2779.0,2753.0,2186.0,178.0,470.0,2666.0,401.0,51.0,407.0,62.0
59625.0,542.0,4685.0,6511.0,533.0,169.0,159.0,1423.0,182.0,22893.0,3797.0,589.0,2616.0,28498.0,1008.0,2852.0,1979.0,2349.0,322.0,418.0,3099.0,344.0,58.0,259.0,33.0
65757.0,426.0,7051.0,6240.0,1244.0,114.0,412.0,62.0,155.0,42922.0,3744.0,1111.0,1836.0,29429.0,992.0,2692.0,2165.0,2521.0,347.0,517.0,3163.0,375.0,62.0,333.0,39.0
66299.0,406.0,6149.0,6410.0,538.0,162.0,351.0,727.0,174.0,40142.0,3884.0,759.0,1712.0,32676.0,947.0,2671.0,2145.0,2388.0,248.0,450.0,3533.0,275.0,24.0,450.0,61.0
70774.0,482.0,6406.0,6415.0,645.0,230.0,534.0,569.0,180.0,43683.0,3835.0,1036.0,2493.0,34975.0,933.0,2764.0,0.0,2500.0,248.0,494.0,2733.0,281.0,83.0,624.0,60.0
66422.0,529.0,7257.0,6389.0,687.0,231.0,583.0,826.0,159.0,34618.0,3951.0,1079.0,2741.0,35252.0,926.0,2613.0,4003.0,2379.0,327.0,421.0,3034.0,293.0,80.0,597.0,39.0
64325.0,384.0,7615.0,6214.0,831.0,249.0,529.0,165.0,171.0,25753.0,3963.0,938.0,2407.0,38697.0,918.0,2565.0,1579.0,2166.0,202.0,410.0,2709.0,289.0,94.0,661.0,34.0
58993.0,253.0,5311.0,6096.0,726.0,218.0,202.0,4.0,142.0,23412.0,4090.0,631.0,2084.0,40425.0,924.0,2504.0,1587.0,2182.0,257.0,340.0,2459.0,211.0,171.0,511.0,26.0
60856.0,795.0,5172.0,5901.0,586.0,190.0,249.0,1911.0,118.0,22753.0,4091.0,607.0,2099.0,37132.0,931.0,2429.0,1013.0,2414.0,123.0,389.0,2928.0,271.0,96.0,418.0,45.0
68295.0,460.0,6859.0,5828.0,445.0,128.0,522.0,595.0,135.0,46927.0,4406.0,1597.0,1654.0,37740.0,928.0,2476.0,1332.0,2625.0,399.0,393.0,3057.0,305.0,78.0,632.0,63.0
67450.0,382.0,6019.0,5850.0,563.0,280.0,454.0,921.0,173.0,66150.0,4463.0,1040.0,1719.0,45720.0,902.0,2331.0,1763.0,2586.0,310.0,441.0,2744.0,236.0,160.0,795.0,59.0
67767.0,736.0,8438.0,5830.0,779.0,306.0,569.0,1236.0,167.0,57326.0,4546.0,891.0,2357.0,49310.0,913.0,2238.0,1209.0,2621.0,354.0,373.0,2856.0,254.0,154.0,981.0,41.0
74949.0,437.0,7573.0,5779.0,768.0,252.0,815.0,1091.0,158.0,56903.0,4865.0,901.0,2545.0,48916.0,937.0,2378.0,1487.0,2489.0,277.0,394.0,2548.0,261.0,189.0,779.0,113.0
63755.0,336.0,6751.0,5833.0,770.0,274.0,781.0,84.0,156.0,47535.0,0.0,987.0,2288.0,48611.0,921.0,2201.0,1226.0,2316.0,513.0,398.0,2520.0,313.0,235.0,801.0,58.0
55631.0,307.0,5480.0,5741.0,751.0,254.0,305.0,4.0,130.0,22673.0,0.0,658.0,2198.0,49981.0,927.0,1968.0,0.0,2333.0,481.0,269.0,2275.0,351.0,240.0,839.0,25.0
59997.0,631.0,4973.0,5607.0,688.0,168.0,340.0,2488.0,119.0,28011.0,13756.0,467.0,2133.0,44457.0,919.0,1993.0,1176.0,2434.0,469.0,292.0,2772.0,264.0,226.0,600.0,28.0
64564.0,377.0,7208.0,5380.0,550.0,202.0,633.0,564.0,115.0,54004.0,5288.0,1118.0,1877.0,51596.0,963.0,1897.0,936.0,2667.0,359.0,283.0,2960.0,369.0,217.0,985.0,48.0
64052.0,501.0,5752.0,5449.0,804.0,288.0,684.0,1470.0,152.0,55451.0,5678.0,914.0,1775.0,50294.0,942.0,1759.0,1063.0,2636.0,334.0,273.0,3009.0,375.0,199.0,1270.0,18.0
69204.0,446.0,7730.0,5484.0,848.0,382.0,902.0,1394.0,147.0,58055.0,0.0,1177.0,1961.0,52783.0,967.0,1629.0,1114.0,2621.0,278.0,307.0,2695.0,302.0,285.0,1308.0,36.0
64375.0,452.0,8458.0,5468.0,883.0,379.0,870.0,1303.0,143.0,53264.0,6809.0,985.0,2131.0,61242.0,982.0,1686.0,903.0,2674.0,396.0,235.0,2772.0,283.0,141.0,1586.0,31.0
57424.0,254.0,9556.0,5429.0,769.0,295.0,955.0,62.0,138.0,41541.0,0.0,877.0,1991.0,54735.0,996.0,1573.0,0.0,2548.0,307.0,216.0,2199.0,254.0,190.0,1534.0,30.0
46889.0,184.0,4853.0,5387.0,747.0,238.0,240.0,3.0,121.0,24066.0,21358.0,0.0,2073.0,52972.0,987.0,1357.0,1394.0,2685.0,313.0,196.0,886.0,239.0,174.0,1331.0,23.0
41896.0,267.0,4767.0,5364.0,939.0,159.0,509.0,3361.0,99.0,20106.0,4250.0,809.0,1762.0,52050.0,995.0,1258.0,762.0,2598.0,226.0,215.0,1356.0,164.0,119.0,965.0,34.0
61621.0,689.0,6148.0,5121.0,671.0,190.0,879.0,971.0,84.0,56283.0,6790.0,922.0,1469.0,52509.0,1083.0,1363.0,0.0,2751.0,295.0,216.0,1918.0,189.0,126.0,1246.0,33.0
54137.0,358.0,6139.0,5186.0,908.0,384.0,741.0,1708.0,126.0,56169.0,7734.0,903.0,1761.0,56282.0,1178.0,1368.0,675.0,2697.0,908.0,267.0,2654.0,254.0,146.0,1355.0,43.0
60036.0,333.0,6590.0,5239.0,963.0,401.0,1045.0,1601.0,127.0,53989.0,7785.0,1671.0,1948.0,62538.0,1153.0,1402.0,727.0,2634.0,301.0,287.0,2977.0,239.0,151.0,1485.0,20.0
60441.0,442.0,6717.0,5191.0,901.0,552.0,1147.0,2387.0,111.0,49403.0,8466.0,1432.0,2154.0,61537.0,1185.0,1567.0,782.0,2450.0,242.0,291.0,2851.0,216.0,134.0,1605.0,43.0
63767.0,239.0,6495.0,5185.0,766.0,347.0,1122.0,70.0,124.0,46389.0,0.0,1603.0,2198.0,64399.0,1172.0,1469.0,842.0,2125.0,132.0,267.0,2611.0,239.0,106.0,1571.0,36.0
54163.0,223.0,4376.0,5155.0,1113.0,463.0,555.0,6.0,112.0,22730.0,14149.0,887.0,2033.0,62064.0,1182.0,1428.0,634.0,2020.0,175.0,297.0,2487.0,225.0,132.0,1441.0,28.0
51637.0,583.0,5558.0,5081.0,818.0,259.0,436.0,4760.0,97.0,26506.0,5109.0,242.0,1988.0,53601.0,1193.0,1257.0,539.0,2132.0,188.0,315.0,2907.0,179.0,141.0,838.0,34.0
56876.0,362.0,6686.0,4892.0,1150.0,412.0,966.0,1408.0,58.0,50520.0,6547.0,862.0,1572.0,60963.0,1183.0,1521.0,531.0,2345.0,61.0,384.0,2996.0,262.0,67.0,697.0,54.0
55222.0,333.0,5858.0,5054.0,1035.0,476.0,1226.0,2604.0,97.0,54954.0,0.0,1547.0,1552.0,66999.0,1212.0,1569.0,730.0,2510.0,42.0,292.0,2995.0,246.0,105.0,979.0,56.0
51446.0,494.0,7371.0,5017.0,1150.0,522.0,1445.0,2670.0,101.0,60713.0,8875.0,1233.0,1866.0,64553.0,1243.0,1482.0,753.0,2625.0,102.0,343.0,2617.0,277.0,119.0,1172.0,103.0
70072.0,412.0,5618.0,5016.0,1459.0,574.0,1449.0,2914.0,105.0,49407.0,17741.0,1066.0,2077.0,64732.0,1226.0,1383.0,626.0,2501.0,83.0,251.0,2766.0,330.0,98.0,1356.0,166.0
52325.0,210.0,6345.0,5030.0,1045.0,629.0,1415.0,3210.0,0.0,36881.0,0.0,1279.0,1791.0,64030.0,1256.0,1413.0,747.0,2245.0,81.0,277.0,2644.0,283.0,84.0,1231.0,279.0
34577.0,175.0,4448.0,4911.0,1113.0,477.0,625.0,3020.0,208.0,23006.0,9507.0,854.0,2044.0,57711.0,1192.0,1227.0,1168.0,2133.0,86.0,271.0,2024.0,210.0,111.0,1017.0,197.0
37997.0,204.0,3571.0,4839.0,719.0,320.0,561.0,635.0,73.0,24397.0,10143.0,209.0,1556.0,55018.0,1233.0,1372.0,0.0,2247.0,91.0,288.0,2595.0,229.0,102.0,647.0,246.0
44975.0,903.0,5506.0,4718.0,1115.0,401.0,1390.0,2119.0,84.0,49264.0,5547.0,1190.0,1353.0,64572.0,1263.0,1409.0,617.0,2385.0,100.0,293.0,3200.0,365.0,70.0,916.0,297.0
45915.0,355.0,5792.0,4790.0,828.0,642.0,1510.0,3787.0,128.0,48603.0,7828.0,1534.0,1182.0,69672.0,1303.0,1363.0,613.0,2444.0,93.0,295.0,2747.0,435.0,45.0,1070.0,288.0
45135.0,246.0,6775.0,4767.0,1196.0,840.0,1707.0,4800.0,149.0,42974.0,9099.0,1033.0,1812.0,68900.0,1412.0,1287.0,513.0,2279.0,68.0,268.0,2868.0,461.0,62.0,1178.0,324.0
47900.0,705.0,5928.0,4838.0,1061.0,947.0,1427.0,4954.0,161.0,32326.0,8639.0,973.0,1920.0,69876.0,1203.0,1213.0,630.0,2206.0,117.0,257.0,2401.0,391.0,69.0,1037.0,332.0
45271.0,203.0,6482.0,4860.0,1332.0,1071.0,2034.0,3474.0,174.0,45908.0,9008.0,608.0,1939.0,69239.0,1309.0,1184.0,586.0,2028.0,50.0,284.0,2265.0,424.0,71.0,984.0,397.0
31903.0,263.0,3948.0,4797.0,1050.0,1209.0,782.0,4735.0,183.0,21873.0,9169.0,680.0,1957.0,61408.0,1217.0,1109.0,1087.0,2113.0,87.0,243.0,1973.0,390.0,56.0,744.0,266.0
34091.0,741.0,3541.0,4688.0,975.0,953.0,711.0,1976.0,177.0,23513.0,9090.0,520.0,1903.0,60975.0,1443.0,1175.0,0.0,2245.0,51.0,258.0,2485.0,275.0,49.0,493.0,280.0
42562.0,371.0,4916.0,4639.0,1197.0,876.0,1278.0,3593.0,82.0,46307.0,6112.0,741.0,1417.0,57224.0,1502.0,1114.0,450.0,2213.0,31.0,232.0,2545.0,339.0,50.0,715.0,320.0
42192.0,484.0,5267.0,4642.0,1146.0,1366.0,1576.0,287.0,247.0,48152.0,6944.0,1519.0,1380.0,85687.0,1313.0,1068.0,482.0,2243.0,60.0,244.0,2519.0,399.0,41.0,903.0,441.0
50437.0,475.0,6026.0,4675.0,1544.0,1409.0,1507.0,11226.0,191.0,42260.0,5996.0,670.0,1737.0,77266.0,1491.0,1019.0,445.0,2190.0,77.0,246.0,2436.0,491.0,48.0,863.0,371.0
46320.0,562.0,5824.0,4758.0,1297.0,1460.0,1571.0,7625.0,181.0,44088.0,8619.0,922.0,1870.0,76472.0,1517.0,1069.0,415.0,2115.0,94.0,208.0,2211.0,390.0,36.0,876.0,323.0
43071.0,327.0,5974.0,4843.0,1111.0,1444.0,1479.0,5460.0,177.0,37291.0,7964.0,765.0,2037.0,78761.0,1549.0,987.0,319.0,1905.0,51.0,211.0,2131.0,427.0,34.0,844.0,299.0
34168.0,278.0,4129.0,4897.0,1754.0,1365.0,785.0,5382.0,164.0,14534.0,9474.0,742.0,1965.0,78512.0,1482.0,910.0,264.0,1754.0,54.0,168.0,1897.0,362.0,36.0,600.0,248.0
33526.0,1033.0,3719.0,4932.0,1415.0,996.0,610.0,3113.0,156.0,50225.0,7731.0,119.0,1752.0,69921.0,1587.0,951.0,213.0,1642.0,41.0,203.0,2174.0,541.0,38.0,436.0,235.0
41969.0,537.0,6476.0,4670.0,1327.0,975.0,1218.0,5104.0,119.0,44329.0,4871.0,542.0,1419.0,78357.0,1572.0,898.0,300.0,1682.0,40.0,216.0,1950.0,574.0,53.0,633.0,267.0
40118.0,567.0,4921.0,4893.0,1515.0,1326.0,1256.0,7087.0,179.0,46453.0,5092.0,1148.0,1594.0,83883.0,1596.0,816.0,865.0,1858.0,8.0,212.0,2582.0,735.0,39.0,592.0,195.0
45211.0,652.0,5937.0,4958.0,1780.0,1397.0,1311.0,7122.0,161.0,46809.0,0.0,903.0,1762.0,83341.0,1642.0,833.0,498.0,1994.0,48.0,214.0,2158.0,614.0,43.0,657.0,198.0
48659.0,638.0,6196.0,5064.0,1982.0,1732.0,1453.0,8860.0,183.0,39539.0,13016.0,815.0,1968.0,86432.0,1612.0,822.0,513.0,2026.0,40.0,217.0,1929.0,612.0,46.0,587.0,168.0
43238.0,380.0,6319.0,5144.0,1827.0,1694.0,1378.0,8594.0,178.0,33857.0,6703.0,870.0,1965.0,90632.0,1673.0,791.0,0.0,1894.0,34.0,227.0,1950.0,705.0,25.0,598.0,167.0
29078.0,431.0,4614.0,5097.0,2992.0,1296.0,988.0,7016.0,196.0,14672.0,6854.0,0.0,2076.0,90802.0,1578.0,756.0,878.0,1992.0,40.0,231.0,1592.0,513.0,49.0,451.0,119.0
24702.0,417.0,3486.0,5106.0,2951.0,1150.0,814.0,4266.0,172.0,9516.0,6275.0,-7953.0,1764.0,75809.0,1703.0,768.0,330.0,2152.0,22.0,253.0,2202.0,470.0,36.0,291.0,136.0
27103.0,1478.0,5351.0,5020.0,2482.0,1369.0,1499.0,6738.0,177.0,18786.0,1598.0,665.0,1267.0,89706.0,1761.0,781.0,426.0,2302.0,47.0,231.0,1892.0,644.0,20.0,509.0,156.0
33851.0,506.0,4461.0,5172.0,2679.0,1430.0,1176.0,8599.0,194.0,37087.0,4615.0,1409.0,1486.0,95735.0,1673.0,775.0,371.0,2313.0,75.0,267.0,1827.0,883.0,20.0,508.0,155.0
39622.0,982.0,5043.0,5310.0,2934.0,1597.0,1892.0,9762.0,189.0,40761.0,6586.0,1040.0,1642.0,96551.0,1512.0,708.0,341.0,2063.0,63.0,206.0,1892.0,930.0,42.0,712.0,176.0
44825.0,815.0,5935.0,5421.0,3543.0,1616.0,1484.0,9529.0,193.0,41533.0,7291.0,1526.0,1866.0,97570.0,1671.0,687.0,584.0,2313.0,86.0,235.0,1792.0,931.0,39.0,642.0,136.0
45615.0,639.0,5674.0,5406.0,3505.0,1501.0,1630.0,11337.0,191.0,30800.0,6603.0,1719.0,2131.0,94372.0,1509.0,643.0,526.0,2139.0,42.0,236.0,1282.0,1007.0,30.0,646.0,121.0
40308.0,576.0,4408.0,5361.0,3339.0,1456.0,948.0,6345.0,198.0,14020.0,6162.0,2143.0,2082.0,92071.0,1527.0,601.0,539.0,2089.0,49.0,217.0,1476.0,640.0,99.0,439.0,109.0
32901.0,1329.0,3335.0,5414.0,2627.0,1008.0,927.0,6320.0,187.0,20611.0,6787.0,317.0,1685.0,83809.0,1716.0,607.0,404.0,2619.0,48.0,235.0,1812.0,777.0,60.0,266.0,106.0
37439.0,930.0,4771.0,5435.0,3110.0,1229.0,1407.0,7826.0,192.0,34552.0,4241.0,642.0,1550.0,90123.0,1742.0,672.0,665.0,2705.0,34.0,239.0,1724.0,674.0,23.0,531.0,113.0
38349.0,1004.0,4444.0,5612.0,4009.0,1452.0,1901.0,10267.0,211.0,37297.0,4160.0,1972.0,1304.0,97894.0,1771.0,621.0,545.0,2981.0,26.0,235.0,1615.0,842.0,32.0,551.0,153.0
45441.0,1115.0,3182.0,5667.0,3408.0,1583.0,2194.0,10239.0,224.0,36405.0,6380.0,732.0,1863.0,96424.0,1648.0,593.0,752.0,2815.0,18.0,244.0,1593.0,786.0,55.0,489.0,126.0
50227.0,1281.0,4841.0,5803.0,4331.0,1907.0,1916.0,13233.0,243.0,39731.0,5698.0,1872.0,1677.0,93337.0,1771.0,576.0,645.0,3049.0,11.0,224.0,1541.0,865.0,35.0,572.0,110.0
45655.0,966.0,5167.0,5960.0,4430.0,1637.0,2297.0,13560.0,231.0,29558.0,6314.0,1491.0,1847.0,92605.0,1538.0,551.0,640.0,2845.0,15.0,229.0,1567.0,809.0,47.0,596.0,82.0
41605.0,934.0,3542.0,6043.0,3901.0,1587.0,1345.0,10536.0,213.0,15442.0,6453.0,799.0,1600.0,86961.0,1519.0,483.0,633.0,3097.0,18.0,230.0,1546.0,674.0,56.0,480.0,70.0
32260.0,1680.0,2917.0,6090.0,4373.0,1350.0,922.0,5539.0,224.0,17635.0,6030.0,292.0,1194.0,75083.0,1743.0,492.0,582.0,3341.0,30.0,228.0,1703.0,679.0,37.0,310.0,61.0
38308.0,1213.0,4683.0,6109.0,4937.0,1391.0,1821.0,10084.0,206.0,34967.0,0.0,932.0,1055.0,83347.0,1692.0,552.0,532.0,3712.0,21.0,313.0,1557.0,852.0,33.0,331.0,110.0
41230.0,1425.0,4786.0,6330.0,6187.0,1640.0,1769.0,13232.0,253.0,32726.0,7651.0,2249.0,1380.0,86508.0,1767.0,561.0,799.0,3605.0,12.0,258.0,1666.0,1083.0,25.0,219.0,125.0
48997.0,1430.0,5408.0,6489.0,6645.0,1786.0,2143.0,15909.0,294.0,32015.0,6149.0,1254.0,1731.0,86052.0,1721.0,498.0,798.0,3521.0,15.0,250.0,1540.0,1002.0,35.0,482.0,114.0
47626.0,1794.0,5401.0,7112.0,6877.0,1912.0,2153.0,16104.0,306.0,32310.0,11889.0,1329.0,2234.0,85362.0,1665.0,472.0,566.0,3563.0,11.0,225.0,1383.0,1008.0,34.0,573.0,61.0
43890.0,1633.0,5573.0,7421.0,6050.0,1869.0,2507.0,14220.0,332.0,24718.0,0.0,1506.0,2111.0,88600.0,1511.0,461.0,694.0,3204.0,20.0,200.0,1106.0,1078.0,45.0,639.0,95.0
33707.0,1458.0,3886.0,7764.0,5705.0,1766.0,1410.0,10635.0,320.0,13787.0,5558.0,766.0,1922.0,82170.0,1467.0,403.0,566.0,3362.0,15.0,234.0,1275.0,851.0,48.0,485.0,50.0
36571.0,2203.0,3400.0,8026.0,4049.0,1494.0,1192.0,4299.0,337.0,16871.0,5160.0,218.0,1770.0,70589.0,1412.0,455.0,675.0,3512.0,15.0,227.0,1407.0,626.0,36.0,302.0,38.0
42290.0,1932.0,4446.0,8129.0,7157.0,1647.0,2089.0,8005.0,314.0,32848.0,3412.0,784.0,1629.0,80472.0,1427.0,539.0,747.0,3677.0,27.0,222.0,1488.0,995.0,47.0,527.0,113.0
38916.0,2021.0,5053.0,8371.0,7119.0,1850.0,1798.0,14366.0,371.0,32901.0,3054.0,1298.0,1691.0,86821.0,1391.0,418.0,543.0,3582.0,23.0,227.0,1436.0,1100.0,37.0,576.0,77.0
46362.0,1884.0,5099.0,8835.0,6933.0,2548.0,2503.0,13025.0,388.0,35783.0,3061.0,1537.0,1759.0,81484.0,1407.0,492.0,625.0,3825.0,19.0,199.0,1508.0,1158.0,32.0,633.0,63.0
53547.0,2167.0,4775.0,9294.0,6988.0,2499.0,2673.0,12436.0,402.0,32818.0,3468.0,950.0,1840.0,79476.0,1442.0,481.0,553.0,3552.0,10.0,205.0,1396.0,1181.0,49.0,542.0,75.0
49380.0,1761.0,4863.0,9735.0,12884.0,2843.0,2563.0,16514.0,431.0,23008.0,3267.0,817.0,1881.0,75829.0,1502.0,419.0,632.0,3523.0,6.0,175.0,1182.0,1231.0,31.0,574.0,64.0
33370.0,1661.0,3712.0,10376.0,22969.0,2578.0,2279.0,12504.0,0.0,8715.0,0.0,683.0,1708.0,74442.0,1429.0,390.0,0.0,3653.0,12.0,159.0,1125.0,1041.0,46.0,400.0,73.0
37947.0,2419.0,28115.0,10757.0,12597.0,2257.0,1382.0,5639.0,844.0,26053.0,6605.0,305.0,1567.0,61267.0,1603.0,379.0,1111.0,3902.0,7.0,194.0,1442.0,932.0,50.0,279.0,75.0
45021.0,2159.0,4828.0,11481.0,14552.0,2677.0,2639.0,11310.0,394.0,31526.0,1830.0,717.0,1560.0,72049.0,1511.0,477.0,624.0,4151.0,11.0,251.0,1499.0,1061.0,45.0,500.0,114.0
49467.0,2108.0,4580.0,10981.0,14176.0,3677.0,2828.0,18953.0,415.0,30938.0,2930.0,1475.0,1134.0,78524.0,1581.0,468.0,583.0,4019.0,10.0,238.0,1520.0,1046.0,40.0,506.0,69.0
58213.0,2402.0,5300.0,11345.0,17554.0,4458.0,4058.0,17402.0,477.0,26830.0,2733.0,1514.0,1576.0,70496.0,1615.0,421.0,661.0,4392.0,9.0,213.0,1441.0,1089.0,46.0,627.0,54.0
55331.0,2455.0,5532.0,11969.0,13892.0,5372.0,4516.0,21031.0,489.0,27733.0,2952.0,803.0,1753.0,73272.0,1629.0,407.0,671.0,4142.0,10.0,206.0,1278.0,1075.0,38.0,603.0,72.0
55254.0,1754.0,4308.0,12673.0,15177.0,5724.0,4721.0,26677.0,0.0,23744.0,7474.0,980.0,1826.0,74383.0,1649.0,405.0,666.0,3875.0,7.0,178.0,1203.0,1129.0,66.0,678.0,58.0
46880.0,1897.0,3175.0,13442.0,12891.0,5456.0,3483.0,15994.0,1063.0,12191.0,3283.0,205.0,1776.0,66732.0,1502.0,323.0,385.0,3822.0,10.0,207.0,1193.0,1096.0,55.0,436.0,97.0
42955.0,1525.0,3542.0,13406.0,13983.0,4619.0,2467.0,9212.0,464.0,8636.0,1800.0,282.0,1461.0,55342.0,1614.0,348.0,531.0,4206.0,4.0,206.0,1472.0,1064.0,49.0,278.0,102.0
50596.0,3470.0,4295.0,13690.0,17249.0,5898.0,4122.0,13626.0,526.0,13359.0,2803.0,856.0,1448.0,63509.0,1632.0,474.0,615.0,4108.0,4.0,214.0,1537.0,1315.0,41.0,498.0,84.0
59171.0,2539.0,4056.0,14041.0,19762.0,7332.0,5132.0,22965.0,597.0,27844.0,0.0,912.0,1092.0,67708.0,1671.0,501.0,755.0,4830.0,5.0,198.0,1684.0,1431.0,22.0,552.0,99.0
63862.0,2493.0,5514.0,13556.0,18998.0,8803.0,6638.0,29757.0,613.0,30426.0,5766.0,1277.0,1124.0,63371.0,1693.0,472.0,659.0,4616.0,3.0,200.0,1600.0,1398.0,57.0,708.0,47.0
70310.0,2440.0,6751.0,14937.0,15658.0,10009.0,7334.0,25634.0,658.0,28596.0,0.0,1299.0,1694.0,62212.0,1812.0,433.0,575.0,4552.0,9.0,189.0,1527.0,1412.0,28.0,639.0,73.0
54850.0,1783.0,5447.0,14703.0,16188.0,10925.0,7830.0,32139.0,671.0,20776.0,2677.0,763.0,1813.0,61871.0,1723.0,359.0,567.0,4103.0,3.0,235.0,1209.0,1538.0,40.0,623.0,91.0
52294.0,1933.0,4119.0,14804.0,16994.0,11705.0,5587.0,29837.0,635.0,12051.0,3132.0,867.0,1757.0,55722.0,1815.0,348.0,433.0,3890.0,7.0,204.0,1274.0,1215.0,51.0,430.0,76.0
68737.0,3141.0,3699.0,15843.0,18821.0,9337.0,4325.0,14290.0,592.0,16579.0,3126.0,134.0,1545.0,46790.0,2026.0,381.0,582.0,4251.0,4.0,240.0,1637.0,915.0,67.0,316.0,58.0
62571.0,2477.0,5788.0,16108.0,21371.0,10871.0,6868.0,20376.0,619.0,23766.0,2201.0,692.0,1173.0,54044.0,1894.0,385.0,710.0,5039.0,6.0,273.0,1380.0,1077.0,38.0,481.0,91.0
61425.0,2659.0,6845.0,15444.0,26705.0,15199.0,7595.0,27410.0,733.0,25856.0,3242.0,1510.0,1159.0,55839.0,2013.0,405.0,736.0,5616.0,12.0,266.0,1545.0,1538.0,34.0,615.0,119.0
80216.0,2548.0,6612.0,15704.0,21255.0,16078.0,11287.0,40813.0,738.0,24764.0,5758.0,826.0,1494.0,54366.0,2102.0,401.0,736.0,5471.0,8.0,252.0,1696.0,1578.0,53.0,616.0,155.0
82132.0,3105.0,6604.0,17077.0,20556.0,19143.0,11242.0,42849.0,787.0,30001.0,0.0,1819.0,1775.0,53370.0,2165.0,383.0,847.0,6134.0,10.0,249.0,1586.0,1563.0,43.0,745.0,77.0
78099.0,2014.0,6025.0,16260.0,23042.0,19640.0,14714.0,45265.0,811.0,24984.0,3240.0,1344.0,1636.0,50129.0,2091.0,395.0,832.0,5814.0,14.0,254.0,1094.0,1491.0,45.0,726.0,61.0
60377.0,1930.0,4360.0,16392.0,19804.0,21273.0,11176.0,6616.0,845.0,12254.0,5599.0,2021.0,1521.0,45148.0,2017.0,323.0,707.0,6191.0,5.0,205.0,1308.0,1359.0,41.0,493.0,119.0
64470.0,4230.0,4166.0,17148.0,20905.0,17007.0,8685.0,73010.0,884.0,18611.0,0.0,543.0,1535.0,36470.0,2198.0,357.0,773.0,5960.0,3.0,262.0,1436.0,1111.0,183.0,410.0,88.0
78977.0,2749.0,5942.0,16342.0,22904.0,21989.0,11409.0,34458.0,902.0,29982.0,1859.0,1014.0,927.0,43893.0,2209.0,399.0,825.0,6968.0,7.0,257.0,1335.0,1390.0,95.0,646.0,103.0
88388.0,2876.0,5595.0,15886.0,24714.0,24988.0,14964.0,37550.0,936.0,28351.0,1923.0,1716.0,1005.0,49881.0,2305.0,416.0,908.0,6824.0,7.0,250.0,1493.0,1400.0,63.0,731.0,125.0
92679.0,2956.0,5948.0,17418.0,23080.0,26829.0,16774.0,46636.0,984.0,26700.0,2431.0,1394.0,1520.0,48648.0,2319.0,435.0,1078.0,8293.0,7.0,211.0,1681.0,1312.0,20.0,808.0,114.0
100499.0,3427.0,6000.0,17987.0,24418.0,31079.0,18681.0,49474.0,970.0,24353.0,2666.0,845.0,1521.0,48268.0,2322.0,398.0,807.0,8011.0,9.0,193.0,1604.0,1172.0,93.0,774.0,126.0
86772.0,2322.0,6151.0,17834.0,21921.0,31756.0,19059.0,35101.0,983.0,13170.0,2586.0,1045.0,1685.0,46963.0,2213.0,402.0,977.0,7820.0,12.0,213.0,1320.0,1121.0,56.0,877.0,124.0
78138.0,2517.0,4430.0,18381.0,23268.0,29905.0,14177.0,46179.0,977.0,10188.0,2323.0,1002.0,1608.0,45231.0,2106.0,374.0,1123.0,7719.0,4.0,164.0,1568.0,1278.0,97.0,613.0,97.0
83938.0,3304.0,3763.0,18017.0,18973.0,22253.0,12097.0,106091.0,941.0,8249.0,0.0,368.0,1276.0,38310.0,2302.0,381.0,1167.0,8289.0,1.0,197.0,1736.0,1234.0,83.0,487.0,75.0
126902.0,4721.0,5250.0,18431.0,20048.0,28241.0,15352.0,72601.0,929.0,14582.0,0.0,548.0,1062.0,46253.0,2343.0,473.0,1313.0,8932.0,9.0,226.0,1659.0,1008.0,78.0,865.0,118.0
102069.0,2859.0,5225.0,19483.0,25202.0,30548.0,17214.0,-46121.0,984.0,23316.0,9284.0,1323.0,840.0,50210.0,2391.0,426.0,1302.0,8452.0,7.0,227.0,1517.0,1161.0,154.0,624.0,125.0
130032.0,4040.0,5567.0,19116.0,24166.0,34502.0,19990.0,57820.0,982.0,23845.0,2935.0,350.0,1540.0,47638.0,2311.0,450.0,1376.0,8772.0,7.0,249.0,1842.0,1289.0,57.0,1048.0,145.0
129127.0,4809.0,5931.0,20368.0,23319.0,37802.0,21506.0,60952.0,991.0,20200.0,0.0,725.0,1808.0,50356.0,2436.0,436.0,1502.0,8864.0,4.0,192.0,1469.0,1292.0,62.0,1143.0,89.0
127222.0,4230.0,6810.0,20109.0,24998.0,39809.0,23399.0,86655.0,997.0,17744.0,2781.0,978.0,1587.0,45674.0,2483.0,407.0,1436.0,9450.0,7.0,202.0,1289.0,1141.0,56.0,1333.0,143.0
119368.0,3952.0,5887.0,20248.0,20596.0,32614.0,16017.0,38562.0,996.0,10502.0,2507.0,1421.0,1581.0,45903.0,2516.0,363.0,1650.0,9236.0,2.0,190.0,1474.0,1111.0,76.0,950.0,126.0
119525.0,4891.0,4960.0,21577.0,21375.0,25269.0,13363.0,21424.0,983.0,13414.0,2323.0,362.0,1321.0,38073.0,2576.0,392.0,1637.0,10463.0,8.0,230.0,1683.0,1146.0,36.0,780.0,100.0
139101.0,4641.0,5746.0,20765.0,20433.0,35090.0,15332.0,22613.0,1038.0,46424.0,1194.0,442.0,1028.0,44281.0,2529.0,471.0,1708.0,10339.0,9.0,230.0,1699.0,1096.0,50.0,1283.0,146.0
149559.0,4120.0,7646.0,19583.0,23001.0,32961.0,18487.0,36406.0,1057.0,26247.0,1904.0,919.0,897.0,47905.0,2693.0,394.0,1808.0,11780.0,18.0,224.0,1733.0,1214.0,46.0,1544.0,143.0
159643.0,5491.0,5658.0,21333.0,33517.0,37977.0,21866.0,32558.0,1098.0,33919.0,2575.0,883.0,1634.0,44879.0,2841.0,311.0,2304.0,11517.0,11.0,245.0,1845.0,1136.0,32.0,1659.0,191.0
178761.0,4864.0,5558.0,21717.0,27330.0,40902.0,23542.0,24135.0,1167.0,38718.0,2231.0,1161.0,1592.0,44684.0,3045.0,441.0,2165.0,11737.0,12.0,235.0,1767.0,1226.0,38.0,1704.0,205.0
162957.0,4285.0,5860.0,22441.0,26893.0,37249.0,22461.0,31957.0,1248.0,26278.0,2413.0,953.0,1646.0,41100.0,3116.0,349.0,2443.0,11203.0,2.0,203.0,1531.0,1174.0,27.0,1735.0,208.0
138514.0,4105.0,3269.0,22313.0,24990.0,33977.0,16947.0,27192.0,1315.0,13906.0,2249.0,668.0,1597.0,30548.0,3223.0,305.0,2128.0,12543.0,3.0,215.0,1837.0,1210.0,24.0,1439.0,223.0
155737.0,5818.0,2874.0,22562.0,21387.0,27352.0,10824.0,10050.0,1263.0,15744.0,2112.0,381.0,1331.0,29163.0,3316.0,301.0,2050.0,13053.0,5.0,243.0,2139.0,1209.0,35.0,950.0,229.0
167352.0,4423.0,1757.0,22201.0,20071.0,32191.0,14419.0,45603.0,1251.0,35490.0,1257.0,428.0,1006.0,38617.0,3819.0,362.0,2298.0,13352.0,6.0,194.0,2212.0,1255.0,22.0,1700.0,313.0
173416.0,4714.0,3918.0,20717.0,19632.0,34280.0,17561.0,28844.0,1309.0,34752.0,1663.0,1146.0,948.0,45576.0,4215.0,290.0,2547.0,13421.0,5.0,219.0,2111.0,1292.0,24.0,2194.0,343.0
191967.0,5015.0,4472.0,23337.0,22932.0,36176.0,22609.0,20789.0,1382.0,35862.0,0.0,996.0,1454.0,45882.0,4542.0,319.0,2738.0,13223.0,4.0,208.0,2364.0,1153.0,35.0,2385.0,363.0
201085.0,5073.0,6426.0,24059.0,20284.0,37239.0,23648.0,23264.0,1457.0,38770.0,3986.0,594.0,1573.0,46232.0,5103.0,286.0,2843.0,13260.0,4.0,239.0,2275.0,1269.0,55.0,2421.0,386.0
177604.0,4829.0,6719.0,24538.0,19922.0,34764.0,22964.0,17670.0,1588.0,30222.0,4164.0,1036.0,1558.0,45209.0,5532.0,221.0,2665.0,12931.0,5.0,174.0,1847.0,1262.0,78.0,2592.0,330.0
145235.0,4634.0,9187.0,24295.0,18680.0,28337.0,15741.0,13130.0,1564.0,17926.0,0.0,767.0,1497.0,44059.0,6017.0,224.0,2756.0,13053.0,12.0,167.0,2060.0,1205.0,89.0,2159.0,271.0
184286.0,6772.0,7483.0,24891.0,15473.0,22927.0,10864.0,5062.0,1483.0,18158.0,1589.0,301.0,1440.0,37975.0,6713.0,231.0,2954.0,12460.0,5.0,186.0,2419.0,1065.0,104.0,1518.0,349.0
174968.0,5430.0,10794.0,24087.0,11321.0,23227.0,13554.0,9921.0,1471.0,34533.0,887.0,492.0,1007.0,44376.0,7381.0,252.0,3009.0,13721.0,18.0,227.0,2230.0,1310.0,87.0,1229.0,382.0
181251.0,5645.0,10335.0,23393.0,18247.0,25852.0,18633.0,16755.0,1496.0,44628.0,1882.0,794.0,1005.0,44489.0,6814.0,326.0,3306.0,13843.0,7.0,209.0,2156.0,1297.0,111.0,1942.0,583.0
112911.0,5862.0,8107.0,25195.0,17564.0,29001.0,22268.0,13001.0,1563.0,40885.0,0.0,908.0,1570.0,43082.0,36008.0,322.0,3113.0,13961.0,5.0,215.0,2292.0,1305.0,87.0,2500.0,569.0
215202.0,5869.0,12081.0,27267.0,14784.0,28342.0,22806.0,12774.0,1621.0,33508.0,3908.0,1396.0,1581.0,41322.0,44506.0,302.0,3045.0,14051.0,4.0,184.0,2273.0,1283.0,106.0,2531.0,488.0
167489.0,5584.0,10728.0,26809.0,15916.0,26315.0,21695.0,12477.0,1691.0,51485.0,4021.0,1375.0,1698.0,41810.0,30103.0,220.0,2829.0,13402.0,6.0,227.0,1908.0,1252.0,98.0,2675.0,449.0
139673.0,5453.0,5668.0,26390.0,12194.0,20646.0,14611.0,9763.0,1684.0,21012.0,2162.0,1208.0,1489.0,38772.0,29281.0,217.0,2839.0,12950.0,8.0,171.0,1788.0,1251.0,142.0,2062.0,377.0
158531.0,7674.0,6472.0,26046.0,12375.0,16376.0,11169.0,4307.0,1639.0,23695.0,0.0,568.0,1313.0,31118.0,31219.0,232.0,2458.0,13321.0,5.0,185.0,2525.0,1107.0,103.0,1436.0,451.0
198831.0,5800.0,8819.0,26126.0,13486.0,19347.0,13604.0,8443.0,1572.0,51985.0,1075.0,988.0,1121.0,36604.0,30110.0,263.0,2829.0,13881.0,10.0,168.0,2293.0,1289.0,91.0,2033.0,511.0
197016.0,6368.0,11251.0,25043.0,16208.0,20709.0,17270.0,14228.0,1689.0,48475.0,0.0,1203.0,1034.0,35551.0,31923.0,249.0,3499.0,13621.0,2.0,255.0,2198.0,1285.0,122.0,2432.0,540.0
219423.0,6529.0,11030.0,27829.0,14925.0,23219.0,22046.0,12787.0,1701.0,50139.0,3470.0,1008.0,1508.0,36595.0,32381.0,230.0,3262.0,13922.0,9.0,221.0,2316.0,1317.0,112.0,2517.0,629.0
235134.0,6823.0,12127.0,27078.0,16381.0,24110.0,23449.0,11511.0,1774.0,47671.0,0.0,598.0,1729.0,36652.0,32736.0,234.0,3119.0,13341.0,3.0,166.0,2252.0,1311.0,139.0,2452.0,583.0
219923.0,6183.0,11625.0,28450.0,15616.0,21052.0,23318.0,12882.0,1896.0,40282.0,3785.0,909.0,1533.0,36011.0,31896.0,190.0,3308.0,12151.0,13.0,140.0,1798.0,1214.0,130.0,2508.0,631.0
178131.0,5931.0,7455.0,28701.0,17344.0,18887.0,17767.0,10949.0,1878.0,26430.0,1828.0,607.0,1714.0,32981.0,30402.0,187.0,3795.0,11561.0,5.0,125.0,1756.0,1153.0,106.0,2038.0,615.0
196241.0,7815.0,6399.0,27798.0,14766.0,13679.0,12332.0,3411.0,1796.0,27024.0,1224.0,246.0,1760.0,26567.0,32137.0,209.0,2885.0,10827.0,13.0,178.0,2198.0,1148.0,98.0,1531.0,594.0
227499.0,6261.0,11006.0,25752.0,12416.0,14837.0,14054.0,14044.0,1649.0,47796.0,0.0,508.0,1392.0,32080.0,33198.0,193.0,2963.0,11023.0,12.0,117.0,2202.0,1260.0,116.0,2176.0,677.0
215735.0,6364.0,11974.0,25838.0,16623.0,12755.0,20815.0,14675.0,1851.0,54591.0,2709.0,476.0,1244.0,31521.0,31712.0,159.0,3138.0,10223.0,6.0,150.0,2159.0,1313.0,116.0,2810.0,666.0
235777.0,6564.0,11897.0,27562.0,21078.0,16998.0,23679.0,13872.0,1939.0,53550.0,2490.0,1151.0,1662.0,29373.0,823225.0,141.0,3047.0,10403.0,6.0,163.0,1861.0,1255.0,130.0,2969.0,688.0
236902.0,7018.0,12253.0,28206.0,21759.0,18726.0,29875.0,13489.0,1967.0,52550.0,0.0,386.0,1534.0,30031.0,32106.0,168.0,2729.0,9384.0,8.0,164.0,1884.0,1196.0,104.0,2795.0,950.0
222756.0,6175.0,12057.0,27729.0,21545.0,19902.0,28438.0,13947.0,1975.0,42324.0,1832.0,759.0,1807.0,30254.0,29136.0,166.0,3369.0,8411.0,8.0,147.0,1329.0,1154.0,108.0,3037.0,1030.0
190642.0,5992.0,8608.0,27651.0,18527.0,17937.0,20200.0,11533.0,1961.0,22029.0,0.0,586.0,2138.0,27071.0,26919.0,139.0,2362.0,7451.0,7.0,134.0,1355.0,1194.0,120.0,2383.0,718.0
210361.0,8545.0,5930.0,26902.0,20372.0,12025.0,16362.0,3192.0,1853.0,27380.0,4030.0,70.0,1911.0,22065.0,29617.0,125.0,2459.0,7501.0,5.0,160.0,1799.0,1092.0,107.0,1681.0,880.0
227221.0,6351.0,11228.0,26265.0,18598.0,14839.0,14432.0,11725.0,1911.0,48032.0,1157.0,176.0,1499.0,26382.0,32102.0,142.0,2731.0,7704.0,16.0,151.0,1877.0,1226.0,115.0,2426.0,1078.0
234143.0,6818.0,10297.0,26074.0,25262.0,17568.0,27728.0,17720.0,1838.0,66124.0,0.0,1105.0,1402.0,24010.0,29718.0,180.0,2545.0,7603.0,12.0,145.0,1632.0,1278.0,97.0,2996.0,1011.0
239174.0,7385.0,11799.0,27787.0,35495.0,18233.0,26923.0,18398.0,1834.0,68699.0,3327.0,788.0,2001.0,22890.0,27515.0,181.0,2972.0,7453.0,24.0,140.0,1134.0,1321.0,114.0,3209.0,1062.0
246440.0,7194.0,12248.0,28116.0,28668.0,15401.0,33777.0,15875.0,1917.0,52853.0,0.0,754.0,2403.0,25152.0,26410.0,174.0,3179.0,7121.0,9.0,159.0,1318.0,1284.0,97.0,2837.0,1055.0
205025.0,6173.0,12129.0,27772.0,27212.0,16305.0,31300.0,17428.0,1931.0,48242.0,0.0,917.0,2220.0,26624.0,22195.0,158.0,2615.0,6421.0,17.0,142.0,1267.0,1254.0,148.0,2989.0,1095.0
186169.0,6069.0,6870.0,28510.0,36106.0,15102.0,22771.0,12858.0,1944.0,24484.0,6442.0,337.0,2191.0,24337.0,20316.0,162.0,1680.0,6312.0,19.0,143.0,1153.0,1171.0,106.0,2491.0,926.0
197425.0,7628.0,5370.0,28917.0,33446.0,10869.0,16643.0,5960.0,1893.0,27645.0,1618.0,72.0,2447.0,19556.0,19103.0,168.0,1704.0,6151.0,10.0,158.0,1470.0,1077.0,114.0,1811.0,869.0
205790.0,6524.0,12511.0,28340.0,37009.0,13316.0,19528.0,11861.0,1858.0,56665.0,958.0,35.0,1196.0,23950.0,19256.0,181.0,2142.0,6208.0,29.0,149.0,1318.0,1226.0,93.0,2694.0,1090.0
220787.0,6689.0,11653.0,26814.0,39359.0,13908.0,24740.0,14986.0,1922.0,45679.0,1678.0,720.0,1725.0,24712.0,19650.0,177.0,2256.0,6261.0,21.0,140.0,1367.0,1246.0,83.0,3276.0,983.0
211595.0,6353.0,12485.0,29499.0,39186.0,18039.0,32195.0,21718.0,1917.0,58211.0,0.0,926.0,3238.0,23067.0,18102.0,189.0,2152.0,6178.0,13.0,157.0,1234.0,1311.0,98.0,3746.0,1237.0
125524.0,5924.0,9679.0,28595.0,32869.0,19037.0,0.0,20262.0,1893.0,21183.0,3829.0,818.0,1679.0,22273.0,17543.0,178.0,2260.0,6021.0,14.0,129.0,1163.0,1230.0,93.0,3832.0,1132.0
217968.0,5377.0,4974.0,28833.0,34837.0,10405.0,39988.0,3093.0,1916.0,17533.0,1564.0,446.0,2563.0,18732.0,15118.0,163.0,1853.0,5760.0,10.0,169.0,834.0,1227.0,100.0,3885.0,970.0
136183.0,5544.0,6217.0,27849.0,32436.0,8937.0,13755.0,8867.0,1825.0,17614.0,0.0,81.0,1711.0,20021.0,14205.0,154.0,1974.0,5502.0,5.0,159.0,1049.0,944.0,105.0,2944.0,808.0
174633.0,6270.0,5996.0,27363.0,41447.0,8581.0,10976.0,3106.0,1841.0,27437.0,2111.0,403.0,1923.0,16432.0,15197.0,119.0,1776.0,5908.0,5.0,160.0,932.0,1027.0,104.0,2397.0,1045.0
206841.0,9405.0,12099.0,26588.0,53287.0,11210.0,12892.0,11494.0,1816.0,56371.0,1251.0,568.0,1958.0,20549.0,15805.0,149.0,2155.0,6108.0,13.0,206.0,1181.0,1506.0,78.0,3627.0,1048.0
218748.0,7714.0,12406.0,26095.0,50238.0,16202.0,22459.0,26514.0,1957.0,55600.0,1588.0,1186.0,2964.0,21822.0,15692.0,113.0,2475.0,6272.0,27.0,193.0,1235.0,1723.0,92.0,3871.0,967.0
313926.0,6995.0,12159.0,27329.0,56007.0,23477.0,32552.0,20002.0,1923.0,54469.0,4641.0,1000.0,2023.0,20035.0,14380.0,140.0,2463.0,6389.0,30.0,213.0,1014.0,1730.0,90.0,4532.0,1029.0
